﻿{"version":3,"gameTime":228,"dateTicks":638277040562031935,"startTicks":638277038088176076,"changeSet":49371,"protoBufVersion":5,"storyVersion":2,"session":"38591d92-cfbf-47af-b32a-f49b1f75ba60","gameMode":4,"gameModePresetId":3,"gameOptions":{"permanentDeath":false,"bodyTemperatureDecreases":false,"oxygenDepletes":false,"craftingRequiresResources":false,"techRequiresUnlocking":false,"technologyRequiresPower":false,"gameHasRadiationSources":false,"vehicleWaterPressureDamage":false,"baseWaterPressureDamage":false,"hunger":false,"thirst":false,"showOxygenAlerts":false,"showHungerAlerts":false,"showThirstAlerts":false,"showTemperatureAlerts":false,"organicOxygenSources":true,"weatherEffects":true,"vegetarianDiet":false,"dayLength":900,"nightLength":300,"badWeatherFrequencyModifier":0.0,"creatureAggressionModifier":0.0,"playerDamageTakenModifier":0.0,"techDamageTakenModifier":0.0,"aggressiveCreatureDamageTakenModifier":1.0,"aggressiveCreatureSpawnModifier":1.0,"notAggressiveCreatureSpawnModifier":1.0,"story":false,"initialEquipmentPack":true},"isFallback":false,"alanInHead":false,"seatruckPresent":false,"snowfoxPresent":false,"exosuitPresent":false,"alanInBody":false,"basePresent":true,"corrupted":false}
