﻿{"version":3,"gameTime":180,"dateTicks":638280458080827305,"startTicks":638277905141527168,"changeSet":49371,"protoBufVersion":5,"storyVersion":2,"session":"5dc87650-4d78-4957-a4a2-f21d39d0809d","gameMode":4,"gameModePresetId":0,"gameOptions":{"permanentDeath":false,"bodyTemperatureDecreases":true,"oxygenDepletes":true,"craftingRequiresResources":true,"techRequiresUnlocking":true,"technologyRequiresPower":true,"gameHasRadiationSources":true,"vehicleWaterPressureDamage":true,"baseWaterPressureDamage":true,"hunger":true,"thirst":true,"showOxygenAlerts":true,"showHungerAlerts":true,"showThirstAlerts":true,"showTemperatureAlerts":true,"organicOxygenSources":true,"weatherEffects":true,"vegetarianDiet":false,"dayLength":900,"nightLength":300,"badWeatherFrequencyModifier":1.0,"creatureAggressionModifier":1.0,"playerDamageTakenModifier":1.0,"techDamageTakenModifier":1.0,"aggressiveCreatureDamageTakenModifier":1.0,"aggressiveCreatureSpawnModifier":1.0,"notAggressiveCreatureSpawnModifier":1.0,"story":true,"initialEquipmentPack":false},"isFallback":false,"alanInHead":false,"seatruckPresent":false,"snowfoxPresent":false,"exosuitPresent":false,"alanInBody":false,"basePresent":false,"corrupted":false}
