﻿{"version":3,"gameTime":12,"dateTicks":638274726564072879,"startTicks":638274726344043382,"changeSet":49371,"protoBufVersion":5,"storyVersion":2,"session":"1498bc13-fbb5-4345-9862-19f2f1204fa5","gameMode":4,"gameModePresetId":0,"gameOptions":{"permanentDeath":false,"bodyTemperatureDecreases":true,"oxygenDepletes":true,"craftingRequiresResources":true,"techRequiresUnlocking":true,"technologyRequiresPower":true,"gameHasRadiationSources":true,"vehicleWaterPressureDamage":true,"baseWaterPressureDamage":true,"hunger":true,"thirst":true,"showOxygenAlerts":true,"showHungerAlerts":true,"showThirstAlerts":true,"showTemperatureAlerts":true,"organicOxygenSources":true,"weatherEffects":true,"vegetarianDiet":false,"dayLength":900,"nightLength":300,"badWeatherFrequencyModifier":1.0,"creatureAggressionModifier":1.0,"playerDamageTakenModifier":1.0,"techDamageTakenModifier":1.0,"aggressiveCreatureDamageTakenModifier":1.0,"aggressiveCreatureSpawnModifier":1.0,"notAggressiveCreatureSpawnModifier":1.0,"story":true,"initialEquipmentPack":false},"isFallback":false,"alanInHead":false,"seatruckPresent":false,"snowfoxPresent":false,"exosuitPresent":false,"alanInBody":false,"basePresent":false,"corrupted":false}
